<?xml version="1.0" encoding="UTF-8"?>
<beans xmlns="http://www.springframework.org/schema/beans"
	xmlns:xsi="http://www.w3.org/2001/XMLSchema-instance"
	xmlns:context="http://www.springframework.org/schema/context"
	xmlns:mvc="http://www.springframework.org/schema/mvc"
	xsi:schemaLocation="http://www.springframework.org/schema/mvc http://www.springframework.org/schema/mvc/spring-mvc-4.3.xsd
		http://www.springframework.org/schema/beans http://www.springframework.org/schema/beans/spring-beans.xsd
		http://www.springframework.org/schema/context http://www.springframework.org/schema/context/spring-context-4.3.xsd">

	<!-- Spring MVC annotation(주석문)을 사용하기 위한 설정 -->
	<context:annotation-config/>
	
	<!-- xml 객체 생성 -->
	<!-- ViewResolver 설정(사용자의 view의 위치, 확장자명)-->
	<bean id="viewResolver" class="org.springframework.web.servlet.view.InternalResourceViewResolver">
		<property name="prefix" value="/WEB-INF/views/"></property> <!-- 경로 -->
		<property name="suffix" value=".jsp"></property>
	</bean>
	
	<!-- 사용자지정 -->
	<!-- java의 공통 패키지 -->
	<context:component-scan base-package="bit.com.a"/>
	
	<!-- Ajax 주석문 허가 -->
	<mvc:annotation-driven/>
	<!-- 스프링에서 처리할 수 없는 요청은 tomcat에 위임 -->
	<mvc:default-servlet-handler/>

</beans>






